,,Air temperature ,,Air temperature ,,,water temperature,,water temperature,,,Rainfall ,
,max temp,maxtemp,,min temp,min temp,,Morning water temp,Afternoon water temp,Morning water temp,Afternoon water temp,,,0.01 indicates trace rainfall. In original data it was marked as T.
date,Sylhet,Khulna,,Sylhet,Khulna,,Sylhet,Sylhet,Khulna,Khulna,,Sylhet,Khulna
1/1/2018,27.5,25.5,,15.8,14.5,1.0,18.5,19,14.0,19.3,,0,0
1/2/2018,25.5,25.8,,18.8,16.0,2.0,18.0,18.5,14.0,19.4,,0,0
1/3/2018,23.5,23.2,,18.6,13.5,3.0,18.0,19.5,14.1,19.4,,0.01,0
1/4/2018,26.0,20.6,,13.6,10.0,4.0,18.5,18,14.1,19.5,,0,0
1/5/2018,26.2,22.2,,12.8,10.0,5.0,18.0,18.5,14.2,19.5,,0,0
1/6/2018,24.3,13.2,,15.1,9.8,6.0,18.5,19,14.2,19.6,,0,0
1/7/2018,22.8,22.0,,10.5,8.6,7.0,18.0,19,14.3,19.6,,0,0
1/8/2018,23.5,20.5,,8.8,8.6,8.0,18.5,19.5,14.3,19.1,,0,0
1/9/2018,23.2,22.2,,10.7,8.0,9.0,18.5,21,15.5,19.1,,0,0
1/10/2018,23.3,22.7,,11.1,8.4,10.0,18.0,20,17.7,19.0,,0,0
1/11/2018,23.5,21.0,,11.7,9.3,11.0,19.0,19.5,16.7,18.1,,0,0
1/12/2018,23.2,22.5,,12.9,9.0,12.0,18.5,19.5,16.7,18.5,,0,0
1/13/2018,22.0,18.4,,13.0,10.5,13.0,19.0,21,16.5,17.8,,0,0
1/14/2018,25.1,21.2,,13.5,10.5,14.0,18.5,20.5,16.3,18.0,,0,0
1/15/2018,23.5,22.2,,13.3,10.0,15.0,18.5,19.5,16.7,19.0,,0,0
1/16/2018,22.0,23.5,,14.3,9.3,16.0,19.0,20,16.4,20.0,,0,0
1/17/2018,24.7,24.8,,15.0,11.2,17.0,18.5,21,18.4,20.7,,0,0
1/18/2018,25.5,25.2,,14.8,11.5,18.0,18.5,21.5,19.7,20.9,,0,0
1/19/2018,26.5,25.8,,14.6,11.2,19.0,19.0,23.5,18.8,21.2,,0,0
1/20/2018,25.5,24.5,,13.8,11.0,20.0,19.0,24,18.8,21.6,,0,0
1/21/2018,27.0,25.2,,14.3,11.2,21.0,19.5,24.5,19.2,21.8,,0,0
1/22/2018,27.4,25.0,,15.2,11.0,22.0,19.5,22,19.5,22.2,,0,0
1/23/2018,28.0,26.6,,15.4,12.5,23.0,19.5,22.3,19.2,22.4,,0,0
1/24/2018,27.2,27.6,,15.2,10.5,24.0,19.0,23.7,19.6,22.5,,0,0
1/25/2018,25.5,26.5,,15.3,15.5,25.0,20.0,23,18.8,23.5,,0,0
1/26/2018,26.3,26.5,,14.5,12.0,26.0,20.5,21.7,20.4,21.5,,0,0
1/27/2018,25.0,23.8,,11.9,12.5,27.0,21.0,21.5,19.3,22.2,,0,0
1/28/2018,23.8,25.0,,9.7,10.5,28.0,21.0,21.7,19.8,22.2,,0,0
1/29/2018,23.8,26.5,,10.5,11.5,29.0,22.0,21.7,20.0,21.4,,0,0
1/30/2018,24.0,26.2,,11.7,12.0,30.0,21.0,22,18.0,22.6,,0,0
1/31/2018,23.7,27.2,,11.5,12.4,31.0,21.5,21.5,18.0,22.6,,0,0
2/1/2018,24.2,26.5,,14.0,13.5,32.0,20.0,23,20.5,22.6,,0,0
2/2/2018,25.0,27.5,,15.0,13.6,33.0,20.0,22,21.0,22.8,,0,0
2/3/2018,24.9,28.7,,14.8,13.5,34.0,21.0,21,21.5,23.5,,0,0
2/4/2018,26.0,30.1,,15.5,15.2,35.0,21.0,22,21.5,24.7,,0,0
2/5/2018,27.9,29.0,,16.7,19.6,36.0,21.0,23,22.0,25.5,,0,0
2/6/2018,26.1,29.5,,16.9,19.5,37.0,20.0,21,22.0,25.3,,0,0
2/7/2018,26.2,30.8,,17.9,16.7,38.0,21.0,23,23.0,25.5,,0,0
2/8/2018,26.3,27.2,,17.2,18.2,39.0,23.0,22,23.7,24.6,,0,0
2/9/2018,27.2,30.0,,14.2,15.5,40.0,22.0,24,22.3,24.7,,0,0
2/10/2018,28.2,28.0,,16.5,19.5,41.0,22.0,24,23.0,24.4,,0,0
2/11/2018,29.5,28.5,,15.3,17.5,42.0,22.0,24,23.3,24.8,,0,0
2/12/2018,31.3,30.0,,15.2,14.7,43.0,22.0,24,21.9,24.1,,0,0
2/13/2018,30.2,29.4,,15.4,16.5,44.0,22.5,24,21.8,23.5,,0,0
2/14/2018,27.6,29.5,,16.5,16.6,45.0,23.0,23,21.8,24.4,,0,0
2/15/2018,28.2,28.0,,15.5,16.8,46.0,22.9,25,22.8,25.5,,0,0
2/16/2018,30.5,28.0,,14.7,13.0,47.0,23.0,25,21.9,24.8,,0,0
2/17/2018,29.2,29.0,,15.3,14.5,48.0,23.0,26,21.8,24.4,,0,0
2/18/2018,29.2,30.2,,15.7,15.8,49.0,23.0,26,22.6,25.1,,0,0
2/19/2018,29.7,31.3,,16.6,16.8,50.0,23.0,26,23.2,25.7,,0,0
2/20/2018,30.0,30.5,,15.9,18.0,51.0,23.0,26,23.5,25.3,,0,0
2/21/2018,30.9,31.5,,17.0,17.8,52.0,24.0,26.8,23.6,26.0,,0,0
2/22/2018,30.1,31.0,,13.9,19.2,53.0,24.0,26.9,24.1,26.3,,0,0
2/23/2018,30.4,32.5,,18.1,19.2,54.0,24.0,26.9,24.9,28.2,,21,0
2/24/2018,30.6,33.5,,18.5,21.5,55.0,24.5,26.9,25.3,28.9,,0,0
2/25/2018,31.8,34.2,,18.5,21.0,56.0,25.0,26.8,26.1,29.0,,14,0
2/26/2018,26.8,32.5,,18.0,21.0,57.0,23.0,26.6,25.4,27.4,,4,0
2/27/2018,29.1,32.5,,17.9,20.5,58.0,25.0,27,25.4,27.9,,0,0
2/28/2018,31.0,31.5,,17.8,21.8,59.0,25.4,27.5,26.9,29.1,,0,0
3/1/2018,31.2,32.0,,18.5,21.2,60.0, 24.0 ,27.8,26.9,28.5,,0,0
3/2/2018,31.2,33.5,,19.0,20.0,61.0, 25.5 ,28.8,26.8,29.4,,0,0
3/3/2018,30.9,34.0,,20.4,22.5,62.0, 25.5 ,28.2,27.1,29.8,,0,0
3/4/2018,32.3,36.0,,20.8,22.7,63.0, 26.0 ,29.8,27.9,29.6,,0,0
3/5/2018,29.6,34.5,,21.6,23.5,64.0, 26.6 ,29.8,28.2,30.2,,0,0
3/6/2018,32.2,33.5,,21.6,22.5,65.0, 27.0 ,30,27.7,30.2,,0,0
3/7/2018,32.6,32.5,,18.5,19.8,66.0, 26.4 ,29,27.8,29.8,,0,0
3/8/2018,32.9,32.2,,17.8,16.8,67.0, 25.9 ,30,25.6,27.6,,0,0
3/9/2018,33.7,32.3,,17.8,17.2,68.0, 25.5 ,31,25.1,27.7,,0,0
3/10/2018,32.0,33.0,,17.8,18.5,69.0, 25.5 ,29.8,25.2,27.9,,0,0
3/11/2018,32.1,34.5,,18.1,17.5,70.0, 25.0 ,29.5,25.7,29.1,,0,0
3/12/2018,32.0,34.2,,18.5,21.0,71.0, 25.8 ,29.5,26.6,29.8,,0,0
3/13/2018,22.6,33.6,,20.4,22.5,72.0, 26.9 ,29.4,26.7,29.4,,0.01,0
3/14/2018,29.5,35.8,,17.4,21.0,73.0, 25.7 ,28.3,27.4,30.8,,0,0
3/15/2018,31.0,33.7,,21.0,23.0,74.0, 26.5 ,30,27.7,29.6,,5,0.01
3/16/2018,30.0,31.5,,19.7,24.5,75.0, 26.6 ,30,28.8,30.9,,11,0
3/17/2018,31.7,33.7,,20.6,23.6,76.0, 26.8 ,30,27.4,30.1,,0.01,0
3/18/2018,31.0,34.5,,19.5,21.2,77.0, 26.9 ,29,27.0,29.8,,0,0
3/19/2018,32.5,35.2,,19.2,23.0,78.0, 26.8 ,29.5,28.2,30.9,,0,0
3/20/2018,33.9,35.2,,19.2,19.0,79.0, 25.5 ,28,27.7,30.7,,0,0
3/21/2018,33.7,33.7,,20.0,22.0,80.0, 25.8 ,26.9,28.4,30.4,,0,0
3/22/2018,33.8,34.5,,20.2,23.6,81.0, 26.0 ,29,27.1,31.2,,0,0
3/23/2018,31.7,33.2,,20.3,22.4,82.0, 27.1 ,30.5,27.8,30.9,,0.01,0
3/24/2018,32.8,33.2,,21.4,24.6,83.0, 27.0 ,30.9,28.0,30.1,,0,0
3/25/2018,34.3,34.8,,21.2,20.5,84.0, 25.5 ,29.5,29.4,30.9,,0,0
3/26/2018,32.0,33.2,,21.3,24.0,85.0, 24.5 ,30,29.1,32.0,,25,0
3/27/2018,30.1,34.2,,20.1,25.5,86.0, 26.9 ,29.5,28.7,32.2,,0,0
3/28/2018,32.2,34.6,,20.6,24.2,87.0, 28.0 ,31.2,28.8,33.4,,9,0
3/29/2018,32.3,34.5,,20.1,24.0,88.0, 26.5 ,29,28.4,33.2,,21,0
3/30/2018,32.0,34.0,,16.9,24.6,89.0, 26.0 ,28.5,28.6,32.9,,23,0
3/31/2018,27.0,30.5,,18.0,20.4,90.0, 26.5 ,28,27.2,31.2,,1,1
4/1/2018,34.0,34.2,,19.6,19.4,91.0,26.0,28.5,26.6,29.7,,0,0
4/2/2018,33.0,29.5,,20.8,20.5,92.0,26.0,27,26.4,30.2,,0,0
4/3/2018,34.1,33.5,,22.8,21.2,93.0,27.0,29,25.4,29.8,,0,0
4/4/2018,32.8,34.5,,20.9,21.6,94.0,26.0,28,26.5,29.4,,0,0
4/5/2018,33.8,34.0,,22.3,22.5,95.0,26.5,28,27.6,30.1,,10,3
4/6/2018,27.0,34.7,,20.0,20.8,96.0,25.5,27,28.0,29.4,,4,0.01
4/7/2018,33.1,33.5,,20.8,24.5,97.0,27.0,28.5,27.8,30.6,,0.01,13
4/8/2018,30.0,32.8,,23.3,20.5,98.0,26.0,27,26.6,31.6,,1,0
4/9/2018,33.2,34.0,,21.4,23.0,99.0,27.5,29,27.8,31.4,,51,1
4/10/2018,28.8,33.5,,19.5,21.5,100.0,26.5,28,27.5,30.8,,14,0
4/11/2018,29.0,33.5,,21.4,24.0,101.0,22.0,24,27.3,33.6,,17,3
4/12/2018,32.4,34.2,,20.5,20.2,102.0,23.0,28.9,27.2,33.1,,1,26
4/13/2018,33.7,34.0,,21.5,20.8,103.0,23.4,28.8,27.4,32.0,,0,0
4/14/2018,28.5,36.2,,19.0,25.5,104.0,23.4,28.6,27.6,32.8,,29,5
4/15/2018,34.0,35.5,,22.0,22.0,105.0,25.6,27.7,28.8,32.1,,0,0
4/16/2018,34.5,37.2,,21.9,24.5,106.0,25.7,27.7,28.5,34.3,,0,0
4/17/2018,30.4,36.4,,22.1,25.6,107.0,24.4,27.6,31.4,30.2,,0,6
4/18/2018,32.2,33.9,,21.2,21.5,108.0,27.0,27.5,30.6,33.6,,28,0
4/19/2018,28.6,35.5,,21.3,25.5,109.0,26.5,27,29.6,32.8,,15,0
4/20/2018,28.0,36.0,,21.4,26.8,110.0,25.8,25.5,29.5,33.7,,56,0
4/21/2018,26.7,35.0,,21.1,27.0,111.0,26.0,25.5,30.8,34.4,,36,1
4/22/2018,17.8,35.5,,21.4,24.4,112.0,27.0,28,30.2,32.3,,14,0.01
4/23/2018,34.5,35.8,,22.5,23.8,113.0,27.0,27.5,29.8,33.8,,0,0
4/24/2018,32.5,35.5,,19.4,24.2,114.0,25.0,28,29.5,34.2,,17,0
4/25/2018,32.8,35.0,,20.0,25.5,115.0,23.0,26,29.9,33.7,,0.01,0
4/26/2018,30.7,34.2,,21.5,22.5,116.0,22.0,27.3,28.8,32.0,,0,4
4/27/2018,30.5,35.0,,22.0,21.5,117.0,23.2,27.6,29.0,32.4,,2,0
4/28/2018,33.6,35.7,,20.5,25.0,118.0,23.5,27.4,29.2,32.8,,8,0
4/29/2018,26.6,33.8,,20.5,25.5,119.0,23.5,27.4,29.7,32.9,,18,1
4/30/2018,22.5,33.0,,20.5,23.6,120.0,23.4,27.4,28.9,33.0,,72,19
5/1/2018,27.0,33.0,,19.3,20.5,121.0,24.5,28.1,27.1,33.5,,0.01,0
5/2/2018,29.5,35.2,,21.9,23.5,122.0,24.0,27.4,28.1,34.0,,2,1
5/3/2018,33.3,33.2,,20.6,21.5,123.0,24.0,27.3,27.7,34.5,,0,0
5/4/2018,27.5,35.2,,22.8,24.3,124.0,23.1,26.4,29.5,34.6,,26,0
5/5/2018,26.9,35.5,,21.1,26.0,125.0,22.7,26,29.5,34.8,,7,23
5/6/2018,30.5,34.5,,22.5,23.5,126.0,22.1,26,29.6,34.4,,63,0
5/7/2018,27.3,33.5,,22.0,27.5,127.0,22.0,25.4,30.0,32.8,,17,0
5/8/2018,25.4,36.2,,22.0,28.2,128.0,21.8,25,30.2,33.4,,8,3
5/9/2018,28.3,35.0,,22.8,24.0,129.0,21.7,24.7,29.9,32.6,,18,0
5/10/2018,35.2,33.7,,19.8,27.7,130.0,21.4,23.4,29.6,31.0,,39,13
5/11/2018,28.1,36.2,,19.5,23.5,131.0,21.0,23,29.4,31.0,,2,10
5/12/2018,31.3,34.5,,19.5,21.0,132.0,21.0,23,28.2,31.7,,0,1
5/13/2018,33.4,27.5,,22.1,24.5,133.0,20.7,22.7,29.3,29.8,,0,22
5/14/2018,32.0,34.2,,22.6,22.0,134.0,20.4,22.5,28.6,30.9,,0.01,0
5/15/2018,32.3,34.6,,23.8,24.8,135.0,20.4,22.4,29.2,31.2,,38,0
5/16/2018,30.4,25.6,,21.0,21.0,136.0,20.4,22.4,29.0,28.1,,0,59
5/17/2018,30.0,33.7,,22.6,21.0,137.0,22.7,26,28.5,30.4,,0.01,0
5/18/2018,28.8,32.0,,24.0,26.5,138.0,24.0,27,28.5,29.2,,0.01,51
5/19/2018,32.8,34.0,,23.8,22.4,139.0,25.0,26.5,28.1,31.9,,0,0
5/20/2018,33.0,31.2,,23.8,26.8,140.0,24.0,26,28.8,32.0,,0,26
5/21/2018,30.5,33.0,,23.7,23.8,141.0,25.0,26,28.9,32.1,,55,0
5/22/2018,32.7,34.5,,24.0,27.5,142.0,24.0,26.4,29.0,32.1,,28,8
5/23/2018,35.0,33.3,,24.9,25.2,143.0,25.0,25.5,29.2,32.2,,6,0.01
5/24/2018,25.0,26.0,,25.0,26.0,144.0,28.0,29.5,29.5,32.2,,49,0
5/25/2018,26.3,35.2,,23.0,27.2,145.0,27.0,28,28.9,31.6,,98,0
5/26/2018,33.1,36.0,,22.1,26.8,146.0,28.5,29,31.0,32.7,,27,0
5/27/2018,33.9,36.5,,24.3,27.3,147.0,30.0,31,32.0,33.2,,0,0
5/28/2018,33.2,35.7,,23.2,27.0,148.0,31.0,32.5,32.7,32.8,,16,0
5/29/2018,34.0,34.5,,23.0,27.5,149.0,31.0,32,31.5,34.2,,0,0
5/30/2018,35.4,36.7,,25.0,27.2,150.0,31.0,32,31.0,33.1,,13,0
5/31/2018,29.5,34.5,,24.5,28.8,151.0,31.0,32,30.5,32.6,,7,1
6/1/2018,34.0,34.0,,24.5,26.0,152.0,28.0,31,30.6,31.3,,0,12
6/2/2018,35.0,35.5,,26.0,25.5,153.0,28.5,30,29.8,31.8,,44,0
6/3/2018,34.0,34.8,,24.5,27.0,154.0,29.0,32,30.0,31.5,,53,5
6/4/2018,34.8,35.8,,25.0,26.5,155.0,29.0,31,30.9,32.1,,0.01,0
6/5/2018,35.0,34.7,,25.5,27.0,156.0,28.5,32,31.2,33.4,,3,0
6/6/2018,34.0,35.5,,23.5,27.0,157.0,27.5,31,30.8,33.9,,3,1
6/7/2018,35.5,36.0,,25.5,27.2,158.0,29.0,31,29.8,35.2,,0,0
6/8/2018,35.8,36.0,,27.0,27.8,159.0,29.0,30.5,30.5,33.7,,0,0
6/9/2018,37.0,35.5,,27.0,27.5,160.0,30.0,31,32.2,34.8,,0,26
6/10/2018,36.6,33.5,,27.2,25.4,161.0,31.0,32,31.6,33.6,,2,24
6/11/2018,30.2,29.8,,25.9,26.5,162.0,30.5,31,31.4,32.9,,23,124
6/12/2018,30.0,34.6,,25.2,26.4,163.0,29.5,30.5,31.0,32.4,,102,13
6/13/2018,30.6,35.0,,25.4,26.0,164.0,30.5,31,30.5,33.8,,103,0
6/14/2018,25.0,37.2,,23.0,29.0,165.0,31.0,32,31.1,37.1,,141,0
6/15/2018,27.0,38.5,,23.4,28.5,166.0,31.5,32.5,32.1,36.3,,47,0
6/16/2018,28.8,37.0,,22.9,29.5,167.0,30.0,30.5,32.9,37.0,,3,1
6/17/2018,29.5,34.7,,22.9,26.5,168.0,31.0,31.5,31.7,37.5,,36,0
6/18/2018,32.0,39.0,,21.5,29.5,169.0,30.0,31.5,31.5,38.4,,58,0
6/19/2018,32.2,34.8,,23.4,29.3,170.0,30.0,31,32.7,36.8,,0,0
6/20/2018,34.0,35.2,,23.1,26.0,171.0,29.0,31.5,30.6,36.4,,1,1
6/21/2018,33.5,34.5,,25.9,26.0,172.0,30.0,31.5,31.4,36.7,,5,1
6/22/2018,33.8,35.2,,26.1,27.6,173.0,30.5,32,31.2,36.9,,11,0
6/23/2018,33.9,29.2,,27.1,27.5,174.0,30.0,32,29.8,34.8,,3,17
6/24/2018,32.2,31.5,,25.4,26.4,175.0,30.5,32,30.2,33.2,,62,0
6/25/2018,27.8,28.6,,25.0,27.3,176.0,30.0,31,29.8,35.4,,17,3
6/26/2018,32.6,33.5,,25.0,26.0,177.0,30.5,31,29.6,31.8,,11,0
6/27/2018,34.2,32.2,,25.0,26.5,178.0,30.0,32,29.9,35.3,,14,19
6/28/2018,35.2,31.5,,25.4,25.5,179.0,30.5,32,29.3,37.2,,5,6
6/29/2018,32.9,32.5,,26.0,26.0,180.0,30.0,31,30.2,36.7,,38,12
6/30/2018,32.5,34.2,,25.5,25.5,181.0,29.5,31,29.8,34.6,,9,0
7/1/2018,34.4,34.0,,25.5,27.6,182.0,30.5,31.5,30.5,36.7,,82,3
7/2/2018,30.3,33.4,,24.5,27.2,183.0,30.0,31,31.3,35.0,,11,12
7/3/2018,28.9,30.5,,25.2,25.6,184.0,29.5,30.5,30.4,33.2,,57,14
7/4/2018,29.9,30.5,,25.7,26.6,185.0,30.0,31,29.6,32.7,,66,2
7/5/2018,30.5,32.2,,25.0,26.5,186.0,30.0,31,29.2,32.8,,17,2
7/6/2018,32.8,35.2,,25.2,26.8,187.0,32.0,33,29.5,32.9,,12,0
7/7/2018,33.8,33.6,,26.2,26.5,188.0,31.0,32.5,30.0,33.0,,18,0.01
7/8/2018,26.0,26.5,,26.0,26.5,189.0,32.0,33.5,30.9,33.1,,3,5
7/9/2018,35.0,33.0,,26.0,26.8,190.0,31.0,32,30.5,33.2,,10,5
7/10/2018,33.2,33.0,,25.9,27.2,191.0,32.0,33,30.5,33.3,,5,11
7/11/2018,34.7,33.5,,26.0,27.5,192.0,32.5,34,31.0,33.4,,16,3
7/12/2018,34.5,33.5,,26.7,27.5,193.0,33.0,33.5,31.6,33.5,,2,5
7/13/2018,33.0,34.0,,25.8,27.0,194.0,32.4,35,32.5,33.6,,1,12
7/14/2018,35.8,34.0,,25.9,27.2,195.0,32.0,35,32.4,33.7,,48,2
7/15/2018,36.5,32.1,,25.4,27.0,196.0,32.5,37,32.7,33.8,,22,17
7/16/2018,34.0,33.0,,25.2,27.0,197.0,32.0,36,32.6,34.2,,1,4
7/17/2018,35.0,33.4,,26.9,26.4,198.0,32.5,37,32.5,34.9,,26,1
7/18/2018,36.5,34.6,,26.2,27.2,199.0,32.0,36,32.2,36.4,,0,2
7/19/2018,38.3,36.5,,28.6,27.5,200.0,32.5,37,32.3,35.1,,0,3
7/20/2018,37.3,34.5,,29.4,27.4,201.0,33.0,37,30.6,33.2,,25,0.01
7/21/2018,33.3,31.2,,26.2,27.5,202.0,32.0,36,31.3,32.8,,24,22
7/22/2018,33.6,33.6,,25.0,26.5,203.0,32.0,35,30.1,32.7,,8,14
7/23/2018,29.0,31.5,,26.3,26.5,204.0,31.0,33.5,31.5,33.2,,33,53
7/24/2018,31.8,32.0,,25.4,25.0,205.0,30.0,33,29.6,33.6,,53,0.01
7/25/2018,31.8,30.4,,25.3,27.5,206.0,31.0,34,29.4,31.8,,59,9
7/26/2018,33.5,28.4,,25.4,25.0,207.0,32.0,33,30.1,32.8,,14,3
7/27/2018,32.8,31.7,,25.5,26.5,208.0,31.0,33.5,29.6,32.2,,14,49
7/28/2018,32.8,31.0,,26.2,25.5,209.0,31.0,34,29.2,30.7,,24,4
7/29/2018,32.8,33.0,,25.8,26.2,210.0,32.0,33.5,30.1,31.1,,0.01,3
7/30/2018,33.0,33.0,,26.4,26.4,211.0,31.0,33,30.2,31.4,,17,4
7/31/2018,32.5,33.0,,25.6,26.5,212.0,29.0,29.5,30.1,31.4,,21,7
8/1/2018,34.3,28.0,,25.5,25.5,213.0,31.0,32.5,29.1,30.5,,3,4
8/2/2018,30.2,31.8,,24.4,26.0,214.0,30.5,32,29.7,31.8,,17,10
8/3/2018,31.5,33.0,,24.4,26.2,215.0,30.0,32,30.0,32.0,,18,1
8/4/2018,33.5,34.0,,25.1,26.5,216.0,31.0,32.5,30.2,32.6,,1,0
8/5/2018,30.8,32.8,,26.8,27.5,217.0,30.0,32.5,30.1,32.8,,46,0
8/6/2018,34.5,34.0,,26.4,27.4,218.0,30.5,32,29.8,31.6,,0,19
8/7/2018,35.2,31.7,,26.9,25.5,219.0,31.0,33,31.0,33.2,,6,2
8/8/2018,35.4,34.0,,25.8,26.0,220.0,31.5,32.5,30.8,32.9,,8,0
8/9/2018,34.2,33.2,,25.0,26.7,221.0,30.5,32,31.4,33.5,,21,2
8/10/2018,35.0,35.0,,25.0,27.0,222.0,31.0,33,31.3,34.8,,2,0
8/11/2018,32.2,35.0,,25.8,27.5,223.0,32.0,34,32.2,34.7,,63,0
8/12/2018,32.2,35.2,,25.5,27.5,224.0,31.0,33,31.2,34.4,,0.01,5
8/13/2018,33.8,34.5,,25.5,27.4,225.0,31.5,34,30.6,34.7,,20,0.01
8/14/2018,35.9,34.2,,25.5,27.3,226.0,32.0,35,30.3,33.8,,6,2
8/15/2018,36.3,33.0,,25.5,28.0,227.0,33.0,35.5,31.4,35.1,,11,9
8/16/2018,34.5,32.6,,26.2,27.0,228.0,32.0,35,31.3,33.3,,0.01,12
8/17/2018,34.3,35.0,,26.0,26.8,229.0,32.0,34,31.2,33.5,,1,1
8/18/2018,37.8,35.5,,28.0,27.6,230.0,33.0,35.5,31.0,34.0,,0,0
8/19/2018,37.0,30.0,,27.8,28.5,231.0,32.5,34,31.0,34.0,,0,2
8/20/2018,35.9,33.0,,27.8,26.4,232.0,30.0,32.5,31.0,34.5,,1,7
8/21/2018,33.3,33.5,,22.5,26.5,233.0,31.5,33.5,31.2,34.5,,2,0
8/22/2018,32.5,34.4,,26.4,27.4,234.0,30.5,32,31.2,35.0,,2,13
8/23/2018,34.0,33.5,,26.5,26.5,235.0,31.0,32.5,31.9,35.0,,7,1
8/24/2018,30.3,34.0,,23.0,27.5,236.0,29.0,29.5,32.2,34.1,,37,0.01
8/25/2018,33.2,34.0,,25.0,27.5,237.0,31.0,33,32.2,35.2,,37,3
8/26/2018,32.8,34.0,,25.6,26.5,238.0,33.0,36,32.6,35.3,,12,0.01
8/27/2018,34.0,33.0,,25.0,27.4,239.0,32.0,34.5,32.5,33.6,,7,2
8/28/2018,34.3,33.5,,25.5,27.0,240.0,32.0,34,32.2,33.9,,3,0
8/29/2018,32.8,32.5,,26.4,27.0,241.0,31.0,33,31.9,34.1,,29,4
8/30/2018,33.0,32.7,,25.9,27.0,242.0,31.0,33,31.8,33.3,,29,1
8/31/2018,34.9,33.2,,26.0,27.4,243.0,32.0,34,32.2,34.2,,115,0.01
9/1/2018,32.4,33.0,,25.2,27.0,244.0,32.0,34,32.0,32.8,,5,0
9/2/2018,32.0,31.5,,25.3,27.0,245.0,31.0,33,31.5,32.2,,3,10
9/3/2018,33.2,32.5,,25.7,26.6,246.0,31.0,33,31.0,32.8,,81,0
9/4/2018,33.6,33.0,,25.2,26.5,247.0,31.0,35,30.6,31.4,,38,28
9/5/2018,34.5,34.0,,24.8,25.2,248.0,32.0,35.5,30.4,32.9,,0,0
9/6/2018,35.0,30.5,,26.5,26.5,249.0,32.0,35,31.8,32.7,,0,9
9/7/2018,34.8,32.4,,26.6,26.0,250.0,31.0,34.5,30.6,32.6,,0.01,2
9/8/2018,34.2,34.0,,25.7,26.5,251.0,32.0,34.5,30.6,32.2,,0,0
9/9/2018,33.5,34.5,,26.6,26.2,252.0,32.5,36,30.8,31.9,,0.01,7
9/10/2018,31.8,34.5,,26.2,25.5,253.0,32.0,34,30.2,32.3,,1,0
9/11/2018,30.0,33.8,,25.0,26.6,254.0,30.5,32,30.6,31.8,,7,2
9/12/2018,28.7,33.8,,25.8,26.2,255.0,29.5,31,30.3,31.9,,103,19
9/13/2018,30.0,34.6,,23.5,26.0,256.0,30.0,31,31.0,32.5,,7,0
9/14/2018,30.5,35.0,,24.4,27.5,257.0,29.0,31,31.3,32.8,,4,6
9/15/2018,34.7,35.5,,24.5,26.4,258.0,29.0,31,31.2,33.8,,0,0
9/16/2018,35.3,35.2,,26.5,27.5,259.0,30.0,32,32.0,33.8,,0,0
9/17/2018,34.8,36.0,,26.9,27.0,260.0,31.0,33,32.4,34.6,,28,0
9/18/2018,36.2,36.5,,25.7,27.8,261.0,31.0,33,32.8,34.6,,0.01,0
9/19/2018,33.3,36.2,,24.8,27.5,262.0,32.0,34,32.7,34.8,,2,1
9/20/2018,33.8,33.0,,26.5,27.5,263.0,31.0,32,32.7,34.3,,0,14
9/21/2018,35.0,31.0,,25.4,25.0,264.0,31.0,32,31.7,31.8,,0,8
9/22/2018,33.0,34.2,,26.4,25.2,265.0,31.0,32,30.8,31.8,,0.01,0
9/23/2018,33.0,34.5,,25.4,26.5,266.0,31.0,32,30.2,32.7,,1,0
9/24/2018,31.0,34.5,,26.4,26.5,267.0,32.0,33,30.6,32.4,,48,0
9/25/2018,29.0,34.5,,22.5,27.5,268.0,32.0,33,31.9,33.6,,8,0
9/26/2018,32.2,35.0,,23.5,27.5,269.0,31.0,33,31.4,32.5,,0,0
9/27/2018,31.2,35.0,,26.0,27.0,270.0,31.0,33,31.6,33.1,,1,0
9/28/2018,32.8,35.7,,25.0,27.0,271.0,31.0,32,31.7,34.7,,0,0
9/29/2018,33.6,36.5,,25.6,27.5,272.0,30.5,32,32.3,33.8,,0,0
9/30/2018,34.0,36.0,,25.5,27.5,273.0,31.0,33,32.3,34.1,,36,0
10/1/2018,34.2,36.5,,28.2,25.5,274.0,33.0,34,31.9,33.7,,0,0
10/2/2018,34.9,36.2,,24.4,25.5,275.0,32.0,33,31.7,33.6,,0,0
10/3/2018,34.6,36.0,,24.4,26.5,276.0,32.0,33.5,32.0,33.7,,0,0
10/4/2018,33.2,36.0,,24.9,26.0,277.0,31.0,33,31.4,33.4,,0,0
10/5/2018,33.9,35.6,,24.1,26.5,278.0,31.0,33,31.7,32.0,,0,0
10/6/2018,34.0,35.5,,24.2,26.2,279.0,30.0,32,31.6,32.9,,0,0
10/7/2018,32.7,35.6,,24.4,25.4,280.0,31.0,33,31.1,33.0,,0,0
10/8/2018,32.6,35.5,,24.3,25.6,281.0,31.0,32.5,30.9,32.8,,0,0
10/9/2018,33.0,32.5,,23.9,24.5,282.0,29.0,31.5,30.8,31.8,,0,0
10/10/2018,28.5,29.8,,23.5,24.5,283.0,30.0,30.5,30.4,31.7,,20,13
10/11/2018,27.2,29.0,,22.5,23.5,284.0,28.0,29,28.6,29.2,,2,2
10/12/2018,27.0,28.6,,23.2,24.5,285.0,27.0,29,28.2,28.6,,35,15
10/13/2018,23.8,29.0,,20.4,23.0,286.0,27.0,29,27.0,29.0,,37,19
10/14/2018,30.5,31.0,,21.5,22.6,287.0,26.5,29,27.5,29.5,,0.01,0
10/15/2018,27.6,33.0,,22.5,23.2,288.0,27.0,28.5,27.9,30.0,,0,0
10/16/2018,32.0,33.3,,19.6,23.5,289.0,28.0,30,28.9,30.7,,0,0
10/17/2018,31.5,33.5,,19.8,21.4,290.0,29.0,30,28.6,30.8,,0,0
10/18/2018,30.6,33.5,,20.3,22.3,291.0,28.5,30.5,28.8,30.7,,0,0
10/19/2018,31.5,33.5,,21.0,24.0,292.0,28.0,30,29.2,32.7,,0,0
10/20/2018,32.0,33.8,,21.4,24.7,293.0,27.5,30.5,29.5,31.3,,0,0
10/21/2018,32.5,34.0,,21.0,25.0,294.0,28.0,30,30.0,31.0,,0,0
10/22/2018,33.3,33.2,,22.0,23.0,295.0,28.0,31,29.7,31.2,,0,0
10/23/2018,32.0,33.6,,22.2,23.0,296.0,28.5,30.5,29.5,30.9,,0,0
10/24/2018,31.5,32.5,,21.6,23.0,297.0,29.0,31,29.4,30.2,,0,0
10/25/2018,33.0,33.0,,20.8,21.8,298.0,28.5,30.5,28.9,31.1,,0,0
10/26/2018,31.7,32.0,,21.8,18.8,299.0,29.0,31,28.2,28.6,,0,0
10/27/2018,34.0,32.0,,21.6,19.0,300.0,29.0,30.5,27.5,28.2,,0.01,0
10/28/2018,23.3,29.2,,21.4,23.0,301.0,28.0,29.5,27.9,26.9,,9,1
10/29/2018,29.5,26.0,,20.3,21.5,302.0,28.0,29.5,26.8,27.1,,0,2
10/30/2018,29.5,28.3,,21.9,22.2,303.0,27.0,29,26.1,27.1,,0,1
10/31/2018,32.3,32.0,,21.4,22.6,304.0,27.0,28.5,26.2,28.3,,0,0
11/1/2018,32.2,32.5,,21.0,22.2,305.0,28.0,30,27.1,29.5,,0,0
11/2/2018,32.9,33.0,,21.0,23.2,306.0,27.5,29.5,27.8,29.8,,0,0
11/3/2018,30.9,33.7,,20.9,23.5,307.0,28.0,30,28.1,29.7,,0,0
11/4/2018,30.6,32.5,,21.3,23.0,308.0,27.0,29,28.3,29.9,,39,0
11/5/2018,27.9,32.0,,21.4,22.5,309.0,26.5,29,28.4,30.3,,0.01,0
11/6/2018,28.7,32.2,,21.0,23.6,310.0,27.0,29.5,28.6,29.8,,0,0
11/7/2018,29.1,30.0,,19.0,22.5,311.0,27.5,29,28.3,28.6,,0,0
11/8/2018,30.6,31.2,,17.5,21.0,312.0,27.0,28.5,27.2,28.8,,0,0
11/9/2018,29.5,30.0,,18.9,18.0,313.0,26.5,27.5,26.7,28.1,,0,0
11/10/2018,30.1,30.0,,19.2,17.5,314.0,27.0,28.5,26.1,27.5,,0,0
11/11/2018,30.5,31.0,,19.0,18.5,315.0,26.0,27.5,25.9,27.5,,0,0
11/12/2018,30.0,30.5,,18.5,19.0,316.0,25.5,27,25.8,27.2,,0,0
11/13/2018,30.5,30.5,,18.2,18.5,317.0,25.5,27.5,26.0,27.7,,0,0
11/14/2018,29.2,30.5,,18.6,19.2,318.0,25.5,27,25.9,27.4,,0,0
11/15/2018,28.8,31.5,,18.4,19.0,319.0,25.0,27.5,25.8,27.5,,0,0
11/16/2018,27.8,33.0,,19.5,20.5,320.0,25.5,28,26.0,27.2,,0,0
11/17/2018,28.0,30.7,,20.4,21.0,321.0,25.0,27.5,26.1,27.5,,0,0
11/18/2018,28.8,30.2,,18.2,19.2,322.0,25.5,27,26.1,27.2,,0,0
11/19/2018,28.8,30.7,,17.4,17.8,323.0,26.0,27.5,25.9,26.7,,0,0
11/20/2018,27.8,30.0,,16.6,17.5,324.0,27.0,28,25.1,26.4,,0,0
11/21/2018,28.7,30.2,,16.2,18.0,325.0,27.0,28,24.9,26.4,,0,0
11/22/2018,29.3,28.8,,16.3,16.5,326.0,26.0,27.5,24.2,25.6,,0,0
11/23/2018,28.8,29.5,,16.9,17.0,327.0,26.5,28,24.1,25.6,,0,0
11/24/2018,29.4,29.0,,16.5,17.0,328.0,27.0,28,24.0,25.2,,0,0
11/25/2018,29.0,29.2,,16.4,17.0,329.0,26.0,27,23.7,25.3,,0,0
11/26/2018,28.3,29.4,,17.2,17.0,330.0,27.0,28,23.6,25.5,,0,0
11/27/2018,29.8,30.2,,15.5,17.0,331.0,27.5,29,23.9,26.0,,0,0
11/28/2018,30.7,31.2,,16.3,18.0,332.0,26.5,27.5,24.0,26.9,,0,0
11/29/2018,29.8,30.0,,15.8,16.8,333.0,26.0,27,24.1,25.7,,0,0
11/30/2018,30.2,28.5,,16.0,18.2,334.0,26.5,28,24.0,25.3,,0,0
12/1/2018,28.2,29.0,,16.4,17.5,335.0,25.0,26.5,23.8,25.2,,0,0
12/2/2018,29.2,28.5,,15.8,16.0,336.0,25.5,27,23.5,25.0,,0,0
12/3/2018,27.9,27.6,,15.5,15.8,337.0,24.5,26,23.2,24.4,,0,0
12/4/2018,29.0,28.4,,15.1,14.0,338.0,24.0,25.5,22.1,23.8,,0,0
12/5/2018,29.0,28.2,,16.0,15.1,339.0,24.0,25.5,22.1,23.6,,0,0
12/6/2018,27.7,27.2,,16.8,15.8,340.0,25.0,26,22.1,23.2,,0,0
12/7/2018,28.2,28.0,,16.1,14.0,341.0,24.0,25,21.5,22.9,,0,0
12/8/2018,28.2,27.8,,15.0,13.2,342.0,23.0,24,21.2,22.8,,0,0
12/9/2018,28.2,27.2,,14.6,13.2,343.0,23.5,24.5,20.5,22.4,,0,0
12/10/2018,28.3,28.2,,13.7,13.3,344.0,24.0,24.5,20.7,22.7,,0,0
12/11/2018,30.2,27.5,,15.1,13.5,345.0,24.0,25,20.8,22.7,,0,0
12/12/2018,29.3,28.4,,17.0,14.8,346.0,23.5,24,20.4,22.9,,0,0
12/13/2018,28.8,29.0,,17.0,15.0,347.0,24.0,24.5,21.2,22.9,,0,0
12/14/2018,29.3,28.6,,17.9,16.0,348.0,23.0,24,21.7,22.8,,0,0
12/15/2018,27.0,26.0,,16.9,16.0,349.0,23.5,24.5,21.5,22.8,,0,0
12/16/2018,28.0,23.7,,18.5,18.6,350.0,24.0,24.5,21.2,21.7,,0,1
12/17/2018,25.6,22.5,,18.5,18.8,351.0,24.0,25,20.8,21.0,,12,1
12/18/2018,18.0,19.4,,16.4,18.0,352.0,23.5,24.5,20.3,20.4,,17,1
12/19/2018,21.2,23.2,,16.3,16.0,353.0,23.0,23.5,19.5,21.6,,0.01,0
12/20/2018,26.0,23.2,,14.6,12.4,354.0,23.5,24,19.2,21.7,,0,0
12/21/2018,25.8,25.0,,14.4,12.4,355.0,24.0,25,19.2,21.2,,0,0
12/22/2018,27.5,25.5,,13.0,11.8,356.0,23.5,24.5,19.7,21.4,,0,0
12/23/2018,26.9,25.7,,13.9,12.6,357.0,24.0,25,18.7,21.2,,0,0
12/24/2018,27.4,26.2,,13.9,12.5,358.0,23.5,24.5,18.9,21.1,,0,0
12/25/2018,26.7,26.0,,14.4,12.4,359.0,23.0,24,18.9,20.8,,0,0
12/26/2018,26.9,24.8,,14.4,10.5,360.0,22.5,23,18.9,19.0,,0,0
12/27/2018,26.5,23.5,,14.2,10.0,361.0,21.0,22,18.7,19.7,,0,0
12/28/2018,24.8,23.5,,13.5,9.8,362.0,21.5,22,18.2,19.1,,0,0
12/29/2018,23.8,23.0,,12.3,8.0,363.0,20.0,20.5,17.8,19.3,,0,0
12/30/2018,27.0,25.5,,11.4,10.5,364.0,20.5,21,17.4,19.2,,0,0
12/31/2018,26.5,26.0,,12.8,10.0,365.0,21.0,21.5,17.0,19.2,,0,0
1/1/2019,28.3,27.0,,12.3,11.2,1.0,19.5,20.5,17.5,20.2,,0,0
1/2/2019,27.5,27.0,,12.9,12.4,2.0,19.0,20.0,17.5,20.3,,0,0
1/3/2019,26.9,26.7,,13.2,12.0,3.0,19.0,20.5,18.0,21.0,,0,0
1/4/2019,26.0,25.5,,12.3,11.0,4.0,19.5,20.5,17.6,21.4,,0,0
1/5/2019,26.8,26.4,,12.5,10.0,5.0,19.0,20.0,15.4,21.4,,0,0
1/6/2019,27.8,26.5,,13.3,11.1,6.0,19.5,20.0,16.1,20.2,,0,0
1/7/2019,28.3,27.7,,12.8,11.5,7.0,19.0,20.0,16.2,18.4,,0,0
1/8/2019,27.4,27.0,,12.5,11.5,8.0,19.5,20.5,16.2,18.2,,0,0
1/9/2019,27.0,25.7,,13.5,12.3,9.0,19.5,20.0,16.6,18.5,,0,0
1/10/2019,26.0,25.2,,13.5,12.5,10.0,19.0,20.5,16.4,18.4,,0,0
1/11/2019,27.2,25.2,,13.2,10.5,11.0,20.0,21.5,16.1,17.3,,0,0
1/12/2019,27.3,26.5,,13.5,11.5,12.0,19.5,22.5,16.1,18.2,,0,0
1/13/2019,27.7,26.8,,13.5,12.0,13.0,20.0,23.0,16.7,18.4,,0,0
1/14/2019,26.5,26.2,,13.1,11.8,14.0,19.5,23.0,16.9,18.6,,0,0
1/15/2019,27.1,25.5,,13.7,13.5,15.0,19.5,22.5,16.9,18.5,,0,0
1/16/2019,28.4,25.8,,12.7,9.5,16.0,20.0,23.0,16.3,17.7,,0,0
1/17/2019,28.0,27.0,,14.0,10.1,17.0,19.5,23.0,15.9,17.9,,0,0
1/18/2019,27.5,27.0,,13.6,11.0,18.0,19.5,23.5,16.7,17.8,,0,0
1/19/2019,27.8,26.0,,13.2,12.0,19.0,20.0,23.5,16.1,17.8,,0,0
1/20/2019,27.9,25.7,,13.4,11.6,20.0,20.0,23.5,16.3,18.6,,0,0
1/21/2019,28.6,27.0,,13.8,12.1,21.0,20.5,23.5,16.6,18.6,,0,0
1/22/2019,29.1,28.8,,14.4,12.0,22.0,20.5,23.5,17.2,18.8,,0,0
1/23/2019,29.5,29.2,,14.8,12.5,23.0,20.5,23.0,17.3,18.7,,0,0
1/24/2019,29.0,30.0,,14.7,13.0,24.0,20.0,23.0,20.2,18.7,,0,0
1/25/2019,29.9,30.0,,15.5,14.0,25.0,21.0,23.5,20.2,18.7,,0,0
1/26/2019,30.2,31.2,,16.0,15.0,26.0,21.5,24.0,20.2,21.1,,0,0
1/27/2019,30.2,28.5,,17.0,17.0,27.0,22.0,24.0,20.3,21.1,,0,0
1/28/2019,26.8,25.5,,17.4,18.0,28.0,22.0,24.0,20.1,20.8,,0,0
1/29/2019,27.7,25.0,,16.2,16.8,29.0,23.0,25.0,19.2,20.7,,0,0
1/30/2019,25.8,24.5,,12.8,9.4,30.0,22.0,24.0,17.2,20.7,,0,0
1/31/2019,29.0,26.5,,12.5,11.0,31.0,22.5,24.0,17.1,19.9,,0,0
2/1/2019,30.5,28.5,,14.0,12.5,32.0,22.0,24.0,17.2,22.8,,0,0
2/2/2019,29.5,28.2,,15.0,12.5,33.0,22.5,25.0,17.4,22.8,,0,0
2/3/2019,28.6,28.3,,14.2,13.0,34.0,22.0,25.0,17.8,23.6,,0,0
2/4/2019,28.8,28.5,,13.6,13.0,35.0,22.5,25.0,20.5,23.2,,0,0
2/5/2019,29.8,27.5,,13.7,12.0,36.0,21.5,24.0,20.1,23.1,,0,0
2/6/2019,28.5,27.7,,14.4,11.4,37.0,21.5,24.0,19.8,23.3,,0,0
2/7/2019,29.4,30.2,,14.8,13.0,38.0,21.5,24.5,20.2,23.5,,0,0
2/8/2019,29.9,30.0,,16.0,15.0,39.0,22.0,24.5,21.2,24.3,,0,0
2/9/2019,29.2,28.5,,18.5,18.2,40.0,22.0,25.0,21.2,24.1,,0.01,0
2/10/2019,28.7,26.6,,17.6,16.0,41.0,23.0,25.5,21.2,24.5,,0,0
2/11/2019,29.5,26.5,,13.7,12.3,42.0,22.0,24.0,21.0,23.9,,0,0
2/12/2019,29.8,28.0,,13.2,12.4,43.0,22.0,24.5,21.2,24.0,,0,0
2/13/2019,31.1,29.0,,15.0,14.5,44.0,22.5,25.0,21.4,24.5,,0,0
2/14/2019,30.5,30.5,,14.9,14.5,45.0,22.5,24.5,21.8,24.3,,0,0
2/15/2019,30.8,30.5,,15.5,15.0,46.0,22.5,25.0,22.4,24.3,,0,0
2/16/2019,25.9,26.5,,17.0,17.0,47.0,23.0,24.0,21.8,23.9,,0.01,0
2/17/2019,21.8,28.0,,15.1,15.0,48.0,22.0,24.0,22.4,24.8,,9,0
2/18/2019,27.0,28.0,,14.6,15.0,49.0,21.0,24.0,22.7,24.9,,0,0
2/19/2019,28.8,31.5,,14.0,15.0,50.0,22.0,24.5,22.7,24.8,,0,0
2/20/2019,27.3,31.5,,16.1,19.8,51.0,22.5,25.0,23.9,25.8,,0,0
2/21/2019,29.3,32.0,,17.2,20.0,52.0,23.0,24.5,24.1,27.0,,0,0
2/22/2019,29.6,32.3,,17.3,20.5,53.0,24.0,27.0,24.1,27.0,,0,0
2/23/2019,28.0,33.5,,19.0,22.0,54.0,23.0,24.5,26.2,27.1,,0,0
2/24/2019,30.4,31.5,,20.2,20.0,55.0,23.5,25.5,26.5,27.1,,0,1
2/25/2019,24.8,22.0,,14.6,17.4,56.0,22.5,25.5,25.5,26.7,,1,13
2/26/2019,27.5,22.2,,16.5,17.6,57.0,22.0,25.5,23.8,23.1,,0.01,77
2/27/2019,24.1,27.0,,17.2,16.0,58.0,22.0,25.0,21.2,22.4,,19,75
2/28/2019,24.0,26.2,,16.8,18.0,59.0,22.0,24.0,22.2,23.1,,16,6
3/1/2019,26.0,26.0,,15.3,18.0,60.0, 21.5 ,24.5,24.4,25.8,,0,0
3/2/2019,28.2,26.8,,13.2,14.4,61.0, 22.0 ,25.0,23.1,25.1,,0,0
3/3/2019,28.8,28.0,,14.4,14.5,62.0, 22.5 ,25.0,23.7,25.4,,0,0
3/4/2019,27.5,28.0,,16.1,18.5,63.0, 22.0 ,24.5,24.1,24.9,,3,1
3/5/2019,23.6,28.5,,17.0,21.5,64.0, 22.0 ,24.0,25.1,26.2,,0.01,2
3/6/2019,29.3,28.4,,18.2,20.5,65.0, 23.0 ,25.0,25.6,27.4,,0,0
3/7/2019,29.3,29.0,,19.0,21.2,66.0, 22.0 ,24.5,25.7,27.1,,0,0
3/8/2019,29.6,29.4,,17.2,18.2,67.0, 22.5 ,25.0,25.5,27.5,,0,0
3/9/2019,29.2,30.0,,14.6,18.0,68.0, 22.5 ,24.5,25.2,27.3,,0,0
3/10/2019,30.3,31.5,,15.8,19.5,69.0, 22.0 ,24.0,25.5,28.1,,0,0
3/11/2019,31.2,33.0,,17.9,22.2,70.0, 23.5 ,27.5,26.2,28.7,,0,0
3/12/2019,30.4,33.0,,19.2,24.0,71.0, 23.0 ,26.5,27.3,29.0,,0,0
3/13/2019,33.5,33.2,,21.5,23.6,72.0, 25.0 ,29.0,28.2,30.7,,0,0
3/14/2019,33.7,34.5,,21.1,25.5,73.0, 23.0 ,25.5,28.7,31.2,,0,0
3/15/2019,31.6,34.0,,21.7,24.0,74.0, 24.0 ,26.0,28.8,31.3,,0,1
3/16/2019,34.3,33.5,,21.7,23.0,75.0, 25.0 ,27.0,28.1,30.8,,0,0
3/17/2019,34.6,34.0,,21.4,22.0,76.0, 24.5 ,27.0,28.1,31.2,,0,39
3/18/2019,30.5,29.5,,21.0,20.0,77.0, 25.0 ,27.5,27.4,28.1,,0,0
3/19/2019,31.4,32.0,,19.4,21.0,78.0, 25.5 ,28.0,27.3,30.5,,0.01,0
3/20/2019,32.5,32.6,,20.0,22.5,79.0, 26.0 ,28.0,27.8,30.2,,0,5
3/21/2019,32.0,34.0,,20.7,23.0,80.0, 24.0 ,25.5,28.1,30.1,,0,0
3/22/2019,29.0,33.5,,19.5,24.2,81.0, 26.0 ,28.0,29.0,30.4,,20,16
3/23/2019,31.4,33.5,,19.6,21.0,82.0, 27.0 ,28.5,28.8,30.2,,0,0
3/24/2019,33.4,33.5,,19.6,21.0,83.0, 24.0 ,26.0,28.6,30.1,,0,0
3/25/2019,34.5,34.4,,19.4,19.5,84.0, 24.5 ,27.0,28.3,29.8,,0,0
3/26/2019,34.2,34.0,,20.5,23.2,85.0, 24.0 ,27.5,28.8,29.9,,0.01,4
3/27/2019,31.3,32.0,,20.2,20.8,86.0, 25.0 ,27.0,27.4,30.1,,0,0
3/28/2019,32.0,33.0,,18.7,21.5,87.0, 26.0 ,27.0,27.8,29.8,,0,0
3/29/2019,33.7,34.5,,20.5,23.3,88.0, 25.0 ,26.5,28.1,30.7,,0,0
3/30/2019,34.8,32.8,,23.4,24.3,89.0, 25.5 ,26.0,27.8,32.4,,0,0
3/31/2019,31.0,35.0,,23.0,25.5,90.0, 25.0 ,28.0,27.9,32.6,,24,14
4/1/2019,28.8,30.0,,17.8,19.8,91.0,26.0,27.5,28.3,31.5,,25,0
4/2/2019,29.6,33.8,,19.5,24.3,92.0,25.0,27.0,29.3,31.7,,7,1
4/3/2019,31.8,34.3,,17.5,22.6,93.0,24.5,28.0,29.3,32.2,,0,0
4/4/2019,32.4,33.5,,20.6,25.0,94.0,26.0,27.5,30.0,31.9,,41,0
4/5/2019,29.9,32.5,,19.5,25.0,95.0,25.5,27.0,30.0,32.5,,9,0
4/6/2019,31.8,35.0,,20.6,24.0,96.0,26.0,28.5,29.7,32.7,,15,12
4/7/2019,29.4,32.6,,19.2,20.6,97.0,23.0,24.5,28.6,32.0,,0.01,0
4/8/2019,28.1,32.0,,20.5,24.5,98.0,22.5,26.5,29.5,31.7,,0.01,0
4/9/2019,24.0,34.5,,19.5,24.0,99.0,24.0,24.5,29.6,31.9,,18,15
4/10/2019,30.4,31.2,,18.2,19.0,100.0,24.5,27.0,28.6,30.6,,0,35
4/11/2019,33.2,33.2,,20.6,19.8,101.0,26.0,28.5,29.3,31.0,,0,0
4/12/2019,34.2,33.8,,23.5,23.5,102.0,26.5,28.0,30.0,32.0,,0,0
4/13/2019,35.0,35.5,,23.9,25.0,103.0,25.0,29.0,30.5,32.6,,0,23
4/14/2019,34.6,34.5,,24.6,22.0,104.0,28.0,32.0,30.4,32.8,,0,0
4/15/2019,31.5,35.5,,18.6,26.0,105.0,30.0,34.0,30.3,32.9,,35,0
4/16/2019,34.0,35.0,,19.5,26.8,106.0,32.0,36.0,31.3,33.4,,15,2
4/17/2019,33.1,35.5,,19.3,24.4,107.0,30.0,35.0,30.9,33.8,,0,0
4/18/2019,33.8,33.5,,23.5,24.5,108.0,29.0,34.5,31.1,34.1,,0,0
4/19/2019,34.7,33.5,,22.8,24.4,109.0,30.0,36.0,30.4,33.9,,0,0
4/20/2019,34.2,35.2,,24.5,23.0,110.0,31.0,37.0,30.2,33.4,,0.01,0
4/21/2019,34.5,36.0,,20.5,24.0,111.0,29.5,34.0,30.5,34.1,,0.01,0
4/22/2019,34.8,35.0,,23.0,22.5,112.0,27.0,33.0,30.2,34.5,,0,0
4/23/2019,35.9,36.5,,21.0,24.5,113.0,27.0,34.0,30.2,34.8,,0,0
4/24/2019,36.6,36.6,,22.8,25.7,114.0,29.0,36.0,30.4,34.7,,0,0
4/25/2019,36.7,37.0,,24.4,25.4,115.0,29.5,37.0,30.9,35.1,,0,0
4/26/2019,36.1,36.0,,25.8,25.8,116.0,30.5,38.0,30.8,35.0,,0.01,0
4/27/2019,31.2,37.2,,26.5,27.4,117.0,31.5,34.0,31.0,34.6,,60,0
4/28/2019,31.8,37.2,,22.3,28.2,118.0,30.5,36.0,31.9,35.1,,38,0
4/29/2019,31.2,37.3,,20.5,28.0,119.0,28.5,29.5,31.7,34.9,,62,0
4/30/2019,30.1,35.8,,20.6,27.5,120.0,28.0,30.0,32.1,34.8,,1,0
5/1/2019,33.2,36.0,,23.0,27.6,121.0,27.5,31.0,31.2,34.4,,34,0
5/2/2019,33.7,35.2,,23.6,27.2,122.0,29.0,33.0,31.0,34.5,,4,0.01
5/3/2019,31.7,34.0,,25.3,28.0,123.0,28.0,26.0,30.6,31.9,,29,21
5/4/2019,25.7,28.2,,22.5,24.5,124.0,24.0,23.0,29.1,31.2,,54,2
5/5/2019,32.3,35.5,,22.5,22.5,125.0,25.0,27.5,27.5,30.1,,21,0
5/6/2019,31.2,36.2,,22.4,26.5,126.0,28.0,28.5,29.3,33.4,,31,0
5/7/2019,33.6,36.8,,21.3,27.0,127.0,29.0,31.0,30.2,34.8,,41,0
5/8/2019,34.1,38.0,,22.3,27.5,128.0,31.0,34.0,30.8,35.2,,11,0
5/9/2019,33.8,37.2,,22.8,27.7,129.0,30.0,33.5,31.2,34.8,,19,0
5/10/2019,35.0,37.7,,25.0,28.5,130.0,30.5,33.0,31.1,34.4,,0.01,0
5/11/2019,35.6,37.8,,24.7,28.5,131.0,30.0,33.5,31.4,35.1,,19,0
5/12/2019,33.1,37.2,,21.3,28.5,132.0,31.0,34.0,31.7,35.0,,3,0
5/13/2019,33.1,36.2,,21.1,28.4,133.0,30.0,33.5,32.2,34.8,,25,1
5/14/2019,33.3,36.8,,22.1,22.8,134.0,30.5,34.0,31.4,33.9,,13,2
5/15/2019,32.5,36.0,,22.4,23.5,135.0,30.5,33.0,31.1,34.1,,37,0
5/16/2019,30.2,37.2,,22.5,25.5,136.0,30.5,33.5,32.0,34.3,,18,0
5/17/2019,29.2,36.5,,23.8,28.0,137.0,31.0,34.0,32.1,34.2,,43,0
5/18/2019,30.2,37.8,,22.1,28.7,138.0,30.0,33.5,32.0,34.3,,4,0
5/19/2019,32.4,37.2,,22.5,29.0,139.0,29.0,31.0,32.1,34.4,,0,7
5/20/2019,35.7,36.7,,25.5,25.0,140.0,28.0,28.5,32.0,34.4,,0.01,0
5/21/2019,35.7,37.3,,28.9,28.0,141.0,28.0,29.0,32.0,34.3,,58,0
5/22/2019,32.6,37.8,,23.8,28.5,142.0,28.0,29.5,32.1,34.4,,14,62
5/23/2019,28.8,34.5,,22.4,22.4,143.0,30.5,31.5,31.8,34.7,,34,0
5/24/2019,25.2,35.4,,22.5,28.0,144.0,30.0,31.5,31.1,34.2,,28,3
5/25/2019,31.6,31.4,,22.4,24.0,145.0,28.5,30.0,32.1,34.9,,20,4
5/26/2019,30.3,36.2,,23.5,24.5,146.0,26.0,27.5,31.6,34.7,,30,0
5/27/2019,33.3,37.2,,23.2,28.4,147.0,27.5,28.5,31.9,35.1,,27,0
5/28/2019,34.5,38.0,,22.4,28.5,148.0,28.0,29.0,31.4,35.0,,0,0.01
5/29/2019,35.0,37.4,,23.1,26.5,149.0,28.0,28.5,31.8,34.9,,10,0
5/30/2019,33.8,37.2,,21.6,28.5,150.0,27.0,29.0,32.1,35.1,,20,2
5/31/2019,31.9,25.6,,23.0,24.5,151.0,27.0,28.5,31.3,35.4,,3,0
6/1/2019,30.8,36.2,,24.0,28.5,152.0,22.0,23.5,30.2,34.2,,2,0
6/2/2019,31.9,33.5,,23.0,28.3,153.0,23.0,24.5,30.6,34.9,,6,10
6/3/2019,29.3,35.2,,25.5,23.2,154.0,22.0,23.0,30.7,34.8,,37,1
6/4/2019,26.0,30.6,,22.8,28.0,155.0,21.0,22.0,30.4,34.2,,106,38
6/5/2019,30.7,34.0,,23.5,24.5,156.0,20.0,20.5,30.2,34.2,,5,32
6/6/2019,35.3,32.7,,24.2,24.0,157.0,20.5,21.0,30.0,33.9,,47,0
6/7/2019,30.8,31.0,,26.0,26.0,158.0,21.0,21.0,30.4,34.1,,4,0
6/8/2019,33.0,33.8,,25.5,26.2,159.0,21.5,22.0,30.1,34.7,,1,0
6/9/2019,32.8,34.8,,26.4,26.8,160.0,24.0,26.0,30.9,35.1,,7,0
6/10/2019,34.2,36.2,,25.5,27.5,161.0,25.0,26.5,30.4,34.8,,30,0
6/11/2019,36.0,36.7,,24.5,28.0,162.0,24.5,27.0,30.8,35.6,,0.01,0
6/12/2019,37.0,37.0,,25.5,28.0,163.0,26.0,29.0,32.2,37.6,,0,0.01
6/13/2019,36.4,37.0,,28.0,25.0,164.0,25.0,30.5,32.4,37.6,,73,0
6/14/2019,29.8,36.7,,25.4,28.5,165.0,26.5,31.5,33.1,37.6,,14,0
6/15/2019,32.8,33.8,,25.5,28.8,166.0,27.0,31.0,33.0,37.5,,2,0
6/16/2019,31.5,38.2,,26.5,28.8,167.0,26.0,30.5,33.1,37.4,,18,0
6/17/2019,31.3,37.2,,23.1,28.5,168.0,26.5,32.5,33.2,37.5,,8,1
6/18/2019,35.5,34.0,,24.0,25.0,169.0,26.0,32.0,33.0,37.2,,0,0
6/19/2019,36.5,37.0,,26.8,26.5,170.0,25.5,31.0,32.9,37.4,,52,0
6/20/2019,34.8,36.0,,26.0,28.8,171.0,26.0,31.0,32.8,37.1,,20,0
6/21/2019,34.0,34.0,,26.5,28.5,172.0,27.0,32.0,33.0,37.0,,2,3
6/22/2019,34.7,33.8,,27.0,27.5,173.0,28.0,32.5,33.0,37.0,,0,2
6/23/2019,36.0,35.6,,28.0,27.1,174.0,29.0,34.0,33.1,36.5,,0,1
6/24/2019,36.2,36.2,,27.5,27.5,175.0,27.0,29.0,33.2,36.4,,0.01,0
6/25/2019,32.9,37.8,,28.8,28.5,176.0,28.0,32.5,33.0,36.2,,88,0
6/26/2019,30.8,36.5,,25.0,29.0,177.0,28.5,35.0,33.0,35.2,,108,0
6/27/2019,26.6,34.8,,24.6,29.0,178.0,27.0,34.5,33.0,35.2,,73,26
6/28/2019,25.8,33.0,,23.3,26.4,179.0,28.0,34.5,31.4,35.0,,82,1
6/29/2019,34.3,36.0,,24.3,27.5,180.0,28.0,32.5,31.4,32.6,,0,0.01
6/30/2019,34.5,35.5,,26.7,27.5,181.0,24.0,28.5,31.4,33.6,,22,16
7/1/2019,35.8,32.7,,26.5,28.0,182.0,33.0,35.0,32.1,33.1,,0,4
7/2/2019,36.4,31.2,,26.6,26.5,183.0,33.5,38.0,31.2,32.5,,1,34
7/3/2019,34.6,34.0,,26.0,27.0,184.0,31.0,33.5,31.5,32.5,,4,23
7/4/2019,35.3,34.2,,27.0,27.0,185.0,30.5,33.0,31.6,33.7,,0.01,0.01
7/5/2019,34.8,33.5,,27.4,27.5,186.0,31.0,32.5,31.6,33.7,,9,20
7/6/2019,34.2,30.5,,26.2,27.0,187.0,31.5,32.0,31.6,33.6,,32,10
7/7/2019,31.5,30.2,,26.0,27.0,188.0,30.0,31.0,30.6,31.4,,17,0
7/8/2019,29.2,32.7,,26.0,27.8,189.0,29.0,30.5,30.6,31.4,,34,0
7/9/2019,28.5,33.0,,25.8,28.5,190.0,29.0,30.0,30.6,31.0,,10,0
7/10/2019,30.0,33.5,,26.4,28.2,191.0,27.0,28.0,30.6,30.9,,57,0
7/11/2019,27.0,32.2,,24.0,28.5,192.0,27.0,27.5,30.5,30.9,,56,0.01
7/12/2019,29.0,32.8,,24.2,27.3,193.0,26.5,27.0,30.5,30.9,,114,59
7/13/2019,30.0,34.3,,24.5,25.4,194.0,28.5,29.0,30.5,31.0,,21,53
7/14/2019,27.4,35.6,,24.3,24.5,195.0,26.5,29.5,30.5,32.0,,18,0
7/15/2019,25.7,36.5,,23.9,28.0,196.0,25.0,25.0,30.3,34.6,,34,0
7/16/2019,31.7,36.2,,24.1,27.5,197.0,27.0,29.5,31.4,34.6,,5,0
7/17/2019,34.7,36.0,,25.0,28.0,198.0,29.5,33.0,31.4,34.4,,0,0
7/18/2019,36.3,34.2,,26.7,28.4,199.0,32.0,34.5,31.2,34.4,,0.01,0
7/19/2019,36.5,35.4,,26.9,27.5,200.0,31.0,32.5,31.2,34.8,,11,0
7/20/2019,34.2,35.5,,26.8,27.5,201.0,32.5,35.0,32.8,34.8,,39,3
7/21/2019,33.0,36.2,,25.8,28.0,202.0,33.0,35.0,32.8,34.8,,14,0
7/22/2019,31.9,36.2,,24.5,28.0,203.0,31.0,34.0,32.7,34.9,,41,0
7/23/2019,32.0,36.3,,26.4,27.6,204.0,33.0,36.0,32.9,34.8,,50,0
7/24/2019,29.9,35.8,,24.4,27.8,205.0,31.0,35.0,32.9,34.9,,4,21
7/25/2019,33.1,34.0,,25.9,25.6,206.0,32.0,34.5,32.8,34.7,,2,4
7/26/2019,32.4,31.0,,25.7,26.0,207.0,31.5,35.0,32.9,34.7,,10,48
7/27/2019,33.2,31.0,,25.8,25.5,208.0,31.5,34.5,32.8,34.3,,0.01,4
7/28/2019,36.0,31.3,,26.0,26.8,209.0,32.0,38.0,32.8,34.1,,4,4
7/29/2019,34.2,33.2,,26.5,25.5,210.0,34.0,37.5,32.2,33.9,,6,22
7/30/2019,33.1,32.0,,26.0,25.5,211.0,31.0,32.5,30.2,34.0,,0.01,6
7/31/2019,32.0,32.4,,26.2,26.0,212.0,30.5,35.0,30.2,34.0,,45,10
8/1/2019,34.0,33.0,,25.4,26.7,213.0,29.0,32.0,30.0,30.6,,3,7
8/2/2019,35.4,34.2,,26.9,26.4,214.0,30.0,33.0,30.0,32.0,,17,1
8/3/2019,35.1,34.2,,25.8,27.0,215.0,31.0,32.5,30.0,32.1,,26,2
8/4/2019,35.9,34.2,,26.4,27.5,216.0,30.5,32.5,30.3,32.8,,2,2
8/5/2019,36.6,35.5,,27.4,28.2,217.0,32.0,35.0,30.2,32.9,,0,0.01
8/6/2019,37.0,34.0,,28.1,27.0,218.0,32.5,36.0,30.0,31.8,,0,8
8/7/2019,36.5,31.5,,27.8,27.5,219.0,31.0,33.0,31.1,33.3,,1,24
8/8/2019,34.3,29.0,,26.5,26.0,220.0,31.0,34.0,31.0,33.5,,7,28
8/9/2019,34.0,33.0,,26.5,26.0,221.0,32.5,34.0,31.5,33.7,,4,0
8/10/2019,33.6,35.2,,26.9,26.8,222.0,32.0,35.5,31.3,35.0,,0,0
8/11/2019,37.0,35.6,,27.6,28.0,223.0,32.5,34.0,32.5,35.0,,0,0
8/12/2019,37.9,33.0,,28.8,27.0,224.0,34.0,35.0,31.6,34.9,,37,13
8/13/2019,35.3,29.5,,24.8,26.5,225.0,33.0,34.5,31.0,35.0,,18,59
8/14/2019,31.4,29.0,,25.7,25.0,226.0,32.5,35.0,30.5,34.9,,10,32
8/15/2019,32.0,29.0,,25.8,25.5,227.0,30.0,31.5,31.5,35.4,,11,22
8/16/2019,30.3,33.2,,25.8,26.5,228.0,30.0,32.0,31.3,35.0,,100,74
8/17/2019,32.3,30.2,,25.0,25.0,229.0,31.5,34.5,31.0,34.5,,6,41
8/18/2019,32.0,31.5,,26.0,25.2,230.0,29.5,31.5,30.5,34.6,,9,5
8/19/2019,34.0,34.5,,26.2,26.5,231.0,31.0,33.5,30.3,34.2,,16,8
8/20/2019,31.9,35.0,,25.7,27.0,232.0,30.0,34.0,30.5,33.8,,0.01,0
8/21/2019,35.8,34.5,,26.6,27.2,233.0,30.5,35.5,31.0,33.9,,0.01,0
8/22/2019,36.2,34.8,,27.4,28.5,234.0,30.0,35.5,31.5,33.6,,29,2
8/23/2019,32.0,33.0,,25.6,26.2,235.0,31.5,34.0,32.0,35.0,,8,1
8/24/2019,32.6,31.5,,25.0,27.0,236.0,31.0,32.0,32.4,35.0,,15,1
8/25/2019,35.9,32.5,,25.0,26.0,237.0,30.0,34.5,32.3,35.6,,0.01,3
8/26/2019,35.2,34.0,,27.7,25.8,238.0,29.0,35.0,32.8,35.6,,11,2
8/27/2019,35.6,34.2,,25.4,26.5,239.0,30.0,35.0,32.6,34.2,,71,0
8/28/2019,32.0,34.5,,25.5,26.8,240.0,30.0,35.5,32.4,34.2,,0,0
8/29/2019,35.0,32.5,,26.5,25.8,241.0,31.0,35.0,32.0,34.3,,0,25
8/30/2019,35.8,35.2,,28.0,26.7,242.0,30.0,34.0,32.0,34.0,,0,0
8/31/2019,32.5,33.8,,25.8,27.5,243.0,29.0,33.0,32.3,34.4,,6,2
9/1/2019,37.8,34.2,,27.0,27.5,244.0,30.0,32.0,32.5,34.0,,0.01,43
9/2/2019,35.4,34.5,,27.5,26.0,245.0,31.0,34.0,32.0,34.0,,0,18
9/3/2019,36.5,31.8,,26.7,27.0,246.0,33.0,31.0,31.1,34.0,,45,5
9/4/2019,34.0,32.5,,25.7,27.4,247.0,32.0,34.0,31.0,33.9,,5,8
9/5/2019,35.1,33.5,,25.4,27.5,248.0,31.0,34.0,31.1,34.0,,2,3
9/6/2019,35.2,32.5,,26.3,26.6,249.0,30.0,32.5,31.8,34.0,,2,16
9/7/2019,35.5,31.5,,26.1,26.5,250.0,30.5,31.0,30.8,33.3,,39,12
9/8/2019,32.1,31.0,,26.4,27.0,251.0,30.5,32.0,30.8,33.0,,18,36
9/9/2019,30.0,33.5,,26.0,25.8,252.0,29.5,31.5,30.8,33.0,,25,0.01
9/10/2019,32.7,34.0,,26.6,27.5,253.0,31.0,34.0,30.8,32.6,,3,11
9/11/2019,34.0,32.0,,26.5,26.0,254.0,31.5,35.0,31.0,32.5,,16,61
9/12/2019,32.1,30.5,,25.8,25.2,255.0,32.0,36.0,30.3,33.2,,28,2
9/13/2019,31.7,33.4,,25.3,26.8,256.0,32.5,34.5,31.2,33.4,,55,0
9/14/2019,32.6,34.5,,25.5,27.0,257.0,33.0,32.5,31.5,33.0,,0,1
9/15/2019,32.7,35.0,,26.3,27.4,258.0,31.5,33.0,31.9,33.1,,0.01,0
9/16/2019,32.0,34.6,,26.0,27.4,259.0,30.0,32.0,32.1,33.2,,1,0
9/17/2019,33.1,35.2,,25.9,27.0,260.0,29.0,30.5,32.2,33.3,,0,0
9/18/2019,35.3,34.5,,26.0,26.5,261.0,30.5,33.0,32.2,33.3,,0,22
9/19/2019,35.6,35.5,,26.0,26.3,262.0,32.0,35.0,32.3,34.1,,0,9
9/20/2019,35.5,35.4,,26.4,27.0,263.0,31.5,34.5,32.5,34.1,,0.01,0
9/21/2019,35.8,33.6,,26.0,27.6,264.0,32.0,33.0,32.5,35.0,,5,7
9/22/2019,33.8,35.2,,25.4,24.5,265.0,30.0,31.5,31.6,32.5,,36,8
9/23/2019,31.5,32.5,,24.5,25.5,266.0,30.0,32.0,31.5,33.3,,10,5
9/24/2019,30.3,32.0,,24.3,25.6,267.0,31.0,34.0,31.3,32.5,,8,2
9/25/2019,26.8,27.8,,23.5,25.0,268.0,31.5,33.0,30.8,30.9,,5,3
9/26/2019,32.8,32.2,,23.6,25.0,269.0,30.0,32.0,31.1,31.2,,0,2
9/27/2019,32.5,31.2,,23.6,24.0,270.0,29.0,31.5,31.0,31.2,,0,0
9/28/2019,31.3,30.6,,24.0,25.3,271.0,29.5,30.0,30.1,30.7,,0,1
9/29/2019,33.3,30.4,,24.1,25.0,272.0,29.0,29.5,29.7,31.6,,0,6
9/30/2019,30.3,32.0,,23.8,24.0,273.0,28.5,30.0,29.2,31.6,,6,4
10/1/2019,25.5,33.3,,24.2,25.3,274.0,28.0,29.5,29.4,32.1,,122,24
10/2/2019,28.0,33.4,,23.1,25.0,275.0,27.5,28.5,29.1,32.1,,54,20
10/3/2019,31.5,33.7,,23.9,26.2,276.0,28.0,29.0,29.4,32.1,,0,0
10/4/2019,32.8,34.6,,24.0,26.0,277.0,28.5,29.0,29.6,32.2,,0,0
10/5/2019,31.8,34.5,,25.0,26.3,278.0,28.0,28.5,29.6,32.2,,73,0
10/6/2019,32.8,30.5,,24.2,26.5,279.0,28.0,29.5,29.7,32.2,,0.01,0
10/7/2019,33.0,30.5,,24.3,25.5,280.0,29.0,31.0,29.8,32.2,,0,8
10/8/2019,30.2,33.5,,23.9,25.0,281.0,28.0,30.5,29.9,32.2,,0.01,1
10/9/2019,33.3,30.2,,24.0,25.0,282.0,29.0,31.0,29.9,32.1,,2,35
10/10/2019,27.7,30.5,,23.0,24.4,283.0,28.5,30.0,30.0,32.2,,5,4
10/11/2019,31.0,32.5,,23.4,24.5,284.0,29.0,31.0,30.1,32.2,,0,0
10/12/2019,34.0,32.6,,23.3,25.0,285.0,28.0,30.5,30.2,32.2,,0,0
10/13/2019,34.5,33.2,,23.5,24.8,286.0,27.0,31.0,30.3,32.2,,0,0
10/14/2019,33.8,33.5,,23.4,24.0,287.0,28.5,29.5,30.3,32.1,,0,0
10/15/2019,35.2,34.0,,24.0,23.6,288.0,29.5,31.5,30.2,32.2,,0,0
10/16/2019,33.8,33.1,,23.1,25.8,289.0,29.0,30.5,30.2,32.1,,0,7
10/17/2019,34.1,33.5,,23.9,25.0,290.0,28.0,30.5,30.2,32.1,,0,0
10/18/2019,34.6,34.0,,24.5,25.6,291.0,30.0,32.0,30.1,32.1,,0,0
10/19/2019,35.2,34.6,,24.2,25.4,292.0,28.5,34.0,30.2,32.1,,0,3
10/20/2019,33.8,34.0,,24.0,25.5,293.0,29.0,33.5,30.2,32.2,,0,0
10/21/2019,33.2,33.8,,24.5,25.0,294.0,30.5,32.0,30.1,32.8,,0,0
10/22/2019,32.5,33.2,,25.5,25.8,295.0,28.0,31.0,30.1,32.8,,0,0
10/23/2019,32.5,33.0,,22.5,25.8,296.0,29.0,30.0,30.6,31.8,,0.01,0
10/24/2019,24.9,26.0,,22.4,22.5,297.0,29.5,31.0,30.0,31.5,,10,2
10/25/2019,24.0,24.5,,21.0,22.3,298.0,30.0,30.5,27.6,30.3,,50,51
10/26/2019,25.0,29.0,,21.0,22.5,299.0,29.0,30.0,26.8,28.8,,26,0
10/27/2019,29.0,29.2,,22.7,22.0,300.0,28.0,29.5,26.8,30.0,,0,0
10/28/2019,32.8,30.8,,22.0,22.0,301.0,27.0,29.0,27.1,29.1,,0,0
10/29/2019,32.9,31.0,,21.6,21.2,302.0,28.0,30.5,27.1,29.8,,0,0
10/30/2019,32.7,31.5,,22.6,22.0,303.0,28.5,30.0,27.4,29.8,,0,0
10/31/2019,32.0,30.8,,21.8,22.0,304.0,28.0,30.5,27.7,30.1,,0,0
11/1/2019,32.0,31.5,,20.8,22.0,305.0,27.5,29.5,28.1,30.0,,0,0
11/2/2019,32.5,32.0,,21.0,22.3,306.0,27.5,29.0,28.1,30.1,,0,0
11/3/2019,32.8,31.8,,22.0,22.5,307.0,27.5,29.0,28.1,30.0,,0,0
11/4/2019,32.4,32.0,,22.9,23.0,308.0,28.0,29.0,28.1,30.0,,0,0
11/5/2019,30.5,31.5,,21.0,22.0,309.0,28.0,30.5,28.1,29.9,,0,0
11/6/2019,30.7,31.0,,21.2,22.0,310.0,27.5,29.0,28.2,28.8,,0,0
11/7/2019,30.3,30.0,,21.2,19.8,311.0,27.0,28.5,28.0,28.0,,0,0
11/8/2019,32.5,27.0,,20.5,23.0,312.0,28.5,30.0,26.8,27.2,,2,20
11/9/2019,26.4,24.3,,23.1,22.4,313.0,28.0,29.0,27.0,27.2,,6,92
11/10/2019,24.5,24.3,,22.1,22.3,314.0,27.5,28.0,25.0,27.0,,1,63
11/11/2019,26.8,30.5,,22.4,22.2,315.0,25.0,26.0,24.7,27.3,,0,0
11/12/2019,31.1,30.6,,21.3,21.4,316.0,24.5,25.5,25.5,27.6,,0,0
11/13/2019,32.0,30.2,,20.5,19.5,317.0,25.0,25.5,25.8,28.2,,0,0
11/14/2019,32.2,31.0,,20.6,20.8,318.0,25.5,27.0,25.8,28.2,,0,0
11/15/2019,32.3,31.5,,20.0,21.0,319.0,25.0,26.5,26.0,28.4,,0,0
11/16/2019,31.0,30.5,,19.5,20.5,320.0,25.5,27.5,26.1,28.4,,0,0
11/17/2019,30.0,30.2,,20.0,20.5,321.0,25.5,28.0,26.5,28.5,,0,0
11/18/2019,30.2,30.0,,19.5,19.8,322.0,26.0,27.5,26.2,28.5,,0,0
11/19/2019,29.4,29.7,,19.4,19.5,323.0,25.0,27.5,24.1,27.3,,0,0
11/20/2019,29.2,29.0,,19.5,17.2,324.0,26.0,27.5,24.9,26.4,,0,0
11/21/2019,28.8,29.0,,17.7,16.4,325.0,27.0,27.5,24.0,24.5,,0,0
11/22/2019,29.0,29.0,,17.2,19.0,326.0,26.5,28.0,24.5,25.6,,0,0
11/23/2019,28.9,28.5,,16.3,18.0,327.0,25.5,27.0,25.5,26.2,,0,0
11/24/2019,28.9,28.2,,17.3,18.2,328.0,26.0,27.5,25.5,26.1,,0,0
11/25/2019,29.5,29.0,,17.7,18.5,329.0,25.0,26.5,24.5,25.0,,0,0
11/26/2019,29.0,29.5,,18.6,19.5,330.0,24.5,26.0,23.3,26.0,,0,0
11/27/2019,30.3,29.5,,18.1,19.4,331.0,25.0,26.5,24.3,24.8,,0,0
11/28/2019,30.7,30.5,,18.0,19.0,332.0,25.0,27.5,25.1,26.8,,0,0
11/29/2019,30.6,30.5,,18.4,19.0,333.0,24.5,28.0,25.2,26.2,,0,0
11/30/2019,29.7,29.8,,16.9,18.8,334.0,26.0,28.5,25.2,26.0,,0,0
12/1/2019,28.7,27.5,,17.6,18.6,335.0,25.5, 27.0 ,23.0,24.2,,0,0
12/2/2019,27.8,27.6,,17.1,18.3,336.0,26.0, 28.0 ,22.7,23.0,,0,0
12/3/2019,27.0,27.0,,16.2,15.0,337.0,27.0, 28.5 ,21.6,23.1,,0,0
12/4/2019,28.2,26.2,,16.0,14.8,338.0,26.0, 28.0 ,20.7,21.1,,0,0
12/5/2019,29.3,28.0,,17.0,15.7,339.0,27.0, 29.0 ,22.2,22.3,,0,0
12/6/2019,29.0,29.5,,15.6,17.0,340.0,25.5, 27.0 ,22.2,22.3,,0,0
12/7/2019,29.0,29.5,,15.0,18.5,341.0,25.0, 27.5 ,22.3,24.8,,0,0
12/8/2019,28.6,29.0,,15.7,18.8,342.0,26.0, 25.5 ,24.1,24.7,,0,0
12/9/2019,27.7,28.0,,15.8,19.2,343.0,25.0, 24.5 ,24.1,25.9,,0,0
12/10/2019,26.2,27.0,,16.3,15.5,344.0,24.5, 25.0 ,23.1,25.3,,0,0
12/11/2019,25.6,26.8,,16.0,16.0,345.0,25.5, 26.0 ,23.0,24.8,,0,0
12/12/2019,27.2,26.8,,15.2,17.0,346.0,24.5, 26.0 ,23.0,24.8,,0,0
12/13/2019,27.3,26.4,,15.3,16.6,347.0,24.0, 25.0 ,23.0,24.4,,0,0
12/14/2019,28.0,27.5,,15.2,17.0,348.0,25.0, 25.5 ,22.7,24.8,,0,0
12/15/2019,27.0,27.0,,15.1,17.4,349.0,24.5, 25.0 ,22.7,24.9,,0,0
12/16/2019,25.2,26.0,,16.0,17.0,350.0,23.0, 24.5 ,22.7,24.9,,0,0
12/17/2019,26.5,25.5,,15.4,17.4,351.0,22.5, 24.0 ,22.5,24.9,,0,0
12/18/2019,27.2,22.4,,14.8,15.0,352.0,22.0, 23.0 ,21.2,23.5,,0,0
12/19/2019,23.0,21.0,,15.8,12.0,353.0,20.5, 21.0 ,20.3,22.4,,0,0
12/20/2019,22.6,20.0,,15.0,13.0,354.0,19.0, 20.5 ,20.3,22.4,,0,0
12/21/2019,22.7,18.0,,13.5,12.0,355.0,19.0, 21.5 ,19.2,20.0,,0,0
12/22/2019,22.5,20.0,,14.5,12.0,356.0,18.5, 20.0 ,19.2,20.0,,0,0
12/23/2019,22.2,23.0,,13.8,13.5,357.0,17.0, 18.5 ,18.8,20.1,,0,0
12/24/2019,24.8,21.0,,12.1,12.7,358.0,18.0, 19.0 ,17.5,20.2,,0,0
12/25/2019,24.7,22.0,,15.5,12.3,359.0,18.0, 19.5 ,18.7,20.1,,0,0
12/26/2019,25.2,19.2,,12.4,14.0,360.0,18.5, 19.5 ,18.7,20.1,,0,8
12/27/2019,20.0,18.0,,13.4,13.0,361.0,18.0, 19.0 ,18.6,20.0,,0.01,7
12/28/2019,25.0,21.0,,11.9,12.4,362.0,18.0, 19.0 ,18.6,20.0,,0,0
12/29/2019,26.6,23.5,,13.5,12.2,363.0,18.0, 18.5 ,18.5,19.9,,0,0
12/30/2019,27.2,23.5,,12.7,11.6,364.0,17.0, 18.5 ,18.5,19.9,,0,0
12/31/2019,28.8,24.8,,13.5,12.6,365.0,17.0, 18.0 ,18.6,19.8,,0,0
